{
    "spawn": {
        "x": 180,
        "y": -1030,
        "z": 28.35
    },
    "mazebankroof": {
        "x": -75,
        "y": -818,
        "z": 326
    },
    "montchilad": {
        "x": 485,
        "y": 5580,
        "z": 793
    },
    "airport": {
        "x": -1095,
        "y": -2876,
        "z": 14
    },
    "parkingcentral": {
        "x": 42,
        "y": -894,
        "z": 30
    },
    "parkingcubic": {
        "x": 221,
        "y": -802,
        "z": 30
    },
    "hospital": {
        "x": 296,
        "y": -584,
        "z": 43
    },
    "comico": {
        "x": 414,
        "y": -980,
        "z": 29
    },
    "cayoperico": {
        "x": 4450,
        "y": -4500,
        "z": 4.1
    },
    "bunker": {
        "x": 899.5518,
        "y": -3246.038,
        "z": -98.04907
    },
    "cinema": {
        "x": -1427.299,
        "y": -245.1012,
        "z": 16.8039
    },
    "appartment": {
        "x": -614.86,
        "y": 40.6783,
        "z": 97.60007
    },
    "villa": {
        "x": -1288,
        "y": 440.748,
        "z": 97.69459
    },
    "docks": {
        "x": 932,
        "y": -3169,
        "z": 6
    },
    "garagesimple": {
        "x": 228,
        "y": -990,
        "z": -100
    },
    "garagecentral": {
        "x": 1295.4,
        "y": 224,
        "z": -50
    },
    "garagecasino": {
        "x": 1373,
        "y": 214,
        "z": -50
    },
    "ravenrock": {
        "x": 5141.38,
        "y": 5648.69,
        "z": 5.977
    }
}
